{"fx": 912.4942016601562, "fy": 912.9342651367188, "ppx": 656.0103759765625, "ppy": 371.28485107421875, "height": 720, "width": 1280, "depth_scale": 0.0010000000474974513}